Claude,Guyon,Claude.Guyon@mail.com,"Pineau SA","748 146 248","59, chemin Meyer
49356 Boutin",0803812006
Eugène,Moreau,Eugène.Moreau@mail.com,Masson,"120 499 124","4, rue Chauvin
88466 Lebon-les-Bains","02 32 48 48 37"
Joseph,Gallet,Joseph.Gallet@mail.com,Meyer,"923 759 203","2, rue Suzanne Klein
00406 Bouvet","+33 (0)3 16 42 21 48"
Lucy,Olivier,Lucy.Olivier@mail.com,Fouquet,"753 591 932","78, rue Benard
78189 Marin",0555638821
Suzanne,Fischer,Suzanne.Fischer@mail.com,"Loiseau Lopes et Fils","465 165 231","955, chemin de Charpentier
81945 Marques-sur-Mer","+33 1 09 68 34 11"
Simone,Langlois,Simone.Langlois@mail.com,"Barthelemy SAS","526 276 423","2, rue Joséphine Lucas
84370 Dos Santosnec",0805329495
René,Morin,René.Morin@mail.com,"Becker Henry et Fils","759 196 900","84, place de Dupre
78225 LacroixBourg",0945130215
Lucas,Lopes,Lucas.Lopes@mail.com,Marechal,"270 669 369","60, avenue de Cousin
41034 Joseph","+33 (0)7 35 35 47 23"
Gilbert,Marchal,Gilbert.Marchal@mail.com,"Vallet Hoarau SA","444 526 164","avenue Faure
75214 Germain-sur-Albert","06 37 81 58 96"
Philippe,Laporte,Philippe.Laporte@mail.com,Leveque,"892 126 558","1, avenue Lebrun
23055 Lacombe","+33 2 84 06 71 28"
Maurice,Rolland,Maurice.Rolland@mail.com,Bernier,"908 836 786","3, avenue Pierre Charrier
86859 Perret-sur-Picard","+33 (0)3 02 25 82 26"
Célina,Techer,Célina.Techer@mail.com,"Denis Bousquet SA","925 441 305","87, chemin Marty
30183 Lebon","+33 (0)2 46 74 90 00"
Édouard,Berger,Édouard.Berger@mail.com,"Germain Dupre S.A.R.L.","451 924 864","rue Baudry
45336 CordierBourg","04 66 83 65 18"
Isaac,Albert,Isaac.Albert@mail.com,"Mary Lamy S.A.","648 067 619","chemin de Olivier
84935 Blondel-la-Forêt","+33 (0)3 00 34 88 61"
Élise,Dumont,Élise.Dumont@mail.com,"Bouvet Devaux SARL","738 178 441","48, boulevard Gilbert Blin
07909 Vallet","+33 3 25 98 91 87"
Gérard,Lejeune,Gérard.Lejeune@mail.com,"David SAS","993 698 448","948, boulevard Pineau
81521 Lefebvre","+33 8 03 79 86 21"
Astrid,Aubry,Astrid.Aubry@mail.com,"Lebreton SARL","670 673 276","41, avenue Gillet
33384 Delormeboeuf","04 10 15 61 72"
Xavier,Wagner,Xavier.Wagner@mail.com,Meyer,"292 285 830","68, place de Lemoine
45261 Hebertdan","+33 4 82 18 74 51"
Aimé,Lemonnier,Aimé.Lemonnier@mail.com,"Marty S.A.","636 920 704","13, rue de Julien
58101 BousquetBourg",0178543961
Antoinette,Antoine,Antoinette.Antoine@mail.com,"Colas SARL","135 953 784","663, avenue Barre
11047 Lefevredan","+33 5 72 53 29 42"
Maryse,Peron,Maryse.Peron@mail.com,Gilles,"404 689 416","9, impasse Clerc
79963 Albertboeuf","+33 3 38 73 42 35"
Hortense,Meyer,Hortense.Meyer@mail.com,"Germain SA","523 987 261","4, chemin Catherine Morin
73131 Martelnec","+33 (0)1 66 80 86 19"
Benoît,Rodrigues,Benoît.Rodrigues@mail.com,"Daniel S.A.","739 927 390","8, place de Paris
09513 Weber","+33 8 14 06 21 06"
Philippe,Navarro,Philippe.Navarro@mail.com,"Richard et Fils","651 275 836","chemin Philippine Levy
50396 Garniernec","05 27 60 53 83"
Jacqueline,Nicolas,Jacqueline.Nicolas@mail.com,Leconte,"600 228 100","342, avenue Bonnet
66396 AlexandreBourg","+33 (0)4 86 13 91 60"
Susanne,Boulay,Susanne.Boulay@mail.com,"Diaz SARL","695 126 813","51, boulevard de Rolland
27865 BouvierBourg","08 02 11 56 52"
Aimée,Guillou,Aimée.Guillou@mail.com,"Besnard S.A.","307 218 875","28, impasse Millet
27906 Mallet","04 53 18 02 35"
Emmanuel,Bonnin,Emmanuel.Bonnin@mail.com,"Besson Costa S.A.R.L.","803 632 611","rue de Marty
13123 Marechal",0632213512
Julie,Masse,Julie.Masse@mail.com,"Marion Legrand S.A.S.","274 873 249","53, boulevard Susanne Humbert
33891 Lacombe",0676907086
Jean,Roger,Jean.Roger@mail.com,"Bourgeois David S.A.S.","428 340 541","chemin Maggie Bruneau
85575 Valleeboeuf",0788532238
